date,aaba,aal,aapl,adbe,akam,alxn,amat,amzn,atvi,avgo,bidu,cmcsa,csco,ctxs,ea,fb,fox,goog,intc,khc,mar,msft,nflx,pypl,trip,tsla,wba,nasdaq
2018-01-02,73.129997,52.990002,172.259995,177.699997,65.559998,124.050003,53.040001,1189.01001,64.309998,267.01001,242.399994,41.07,38.860001,88.690002,109.449997,181.419998,35.360001,1065,46.849998,77.019997,133.75,85.949997,201.070007,73.839996,34.77,320.529999,74.949997,7006.899902
2018-01-03,73.779999,52.34,172.229996,181.039993,65.940002,124.949997,53.98,1204.199951,65.309998,269.929993,245.550003,40.41,39.169998,89.650002,109.75,184.669998,35.93,1082.47998,45.259998,77.010002,136.449997,86.349998,205.050003,76.75,34.970001,317.25,75.510002,7065.529785
2018-01-04,74.57,52.669998,173.029999,183.220001,65.599998,122.690002,54.290001,1209.589966,64.660004,270.019989,245.729996,40.669998,38.990002,90.699997,107.190002,184.330002,36.169998,1086.400024,44.43,77.910004,135.699997,87.110001,205.630005,76.730003,34.919998,314.619995,71.599998,7077.910156
2018-01-05,76.489998,52.650002,175,185.339996,65.830002,122.800003,54.599998,1229.140015,66.370003,271.619995,245.139999,41.040001,39.529999,91.480003,112.389999,186.850006,36.349998,1102.22998,44.740002,77.839996,134.399994,88.190002,209.990005,78.699997,34.73,316.579987,72.919998,7136.560059
2018-01-08,76.480003,52.130001,174.350006,185.039993,65.879997,119.699997,55.919998,1246.869995,66.629997,272.269989,250.820007,40.48,39.939999,90.970001,113.220001,188.279999,35.849998,1106.939941,44.740002,78.480003,136.339996,88.279999,212.050003,79.050003,34.669998,336.410004,73.849998,7157.390137
2018-01-09,76.589996,52.080002,174.330002,186.699997,67.489998,121.800003,54.860001,1252.699951,66.190002,268.5,254.729996,40.610001,39.689999,91.190002,112.18,187.869995,36.18,1106.26001,43.619999,78.620003,137.710007,88.220001,209.309998,79.190002,34.59,333.690002,73.419998,7163.580078
2018-01-10,76.510002,53.779999,174.289993,187.110001,66.330002,121.459999,53.299999,1254.329956,66.830002,262.829987,248.949997,41.09,39.91,90.82,112.25,187.839996,35.32,1102.609985,42.5,77.889999,137.699997,87.82,212.520004,79.370003,34.490002,334.799988,74.080002,7153.569824
2018-01-11,76.139999,56.419998,175.279999,188.919998,65.209999,122.480003,53.200001,1276.680054,69.239998,263.5,250.220001,42.599998,40.099998,89.809998,112,187.770004,35.799999,1105.52002,43.41,77.129997,139.429993,88.080002,217.240005,79.75,35.279999,337.950012,75.379997,7211.779785
2018-01-12,75.849998,58.470001,177.089996,195.050003,65.519997,122.709999,53.450001,1305.199951,70.360001,264.290009,253.039993,42.439999,40.869999,90.040001,113.129997,179.369995,36.369999,1122.26001,43.240002,77.349998,139.779999,89.599998,221.229996,80.540001,36.540001,336.220001,76.07,7261.060059
2018-01-16,73.919998,57.98,176.190002,192.460007,64.5,124.480003,54.5,1304.859985,68.709999,263.25,257.779999,41.82,40.540001,89.959999,111.919998,178.389999,35.790001,1121.76001,43.139999,78.639999,139.119995,88.349998,221.529999,80.419998,35.889999,340.059998,76.029999,7223.689941
2018-01-17,74.139999,58.16,179.100006,196.490005,65.400002,122.120003,57.34,1295,70.360001,265.809998,255.490005,41.68,41.200001,91.190002,113.139999,177.600006,36.490002,1131.97998,44.389999,80.07,142,90.139999,217.5,82.470001,35.900002,347.160004,75.779999,7298.279785
2018-01-18,74.230003,58.34,179.259995,196.199997,65.080002,120.349998,57.400002,1293.319946,69.800003,269.799988,254.960007,41.849998,41.299999,91.379997,115.279999,179.800003,35.73,1129.790039,44.48,79.269997,141.130005,90.099998,220.330002,82.940002,35.619999,344.570007,76,7296.049805
2018-01-19,74.360001,58.060001,178.460007,195.729996,65.629997,121.050003,57.400002,1294.579956,70.57,266.390015,255.979996,42.5,41.290001,92.720001,116.18,181.289993,36.259998,1137.51001,44.82,79.660004,144.070007,90,220.460007,83.839996,35.450001,350.019989,76.470001,7336.379883
2018-01-22,74.160004,58.099998,177,197.839996,65.650002,123.669998,57.459999,1327.310059,71.300003,262.109985,254.339996,42.889999,41.66,93.839996,117.989998,185.369995,36.959999,1155.810059,45.75,80.169998,143.809998,91.610001,227.580002,83.980003,37.200001,351.559998,77.400002,7408.029785
2018-01-23,76.57,58.290001,177.039993,200.089996,66,125.589996,57.790001,1362.540039,71.550003,262.899994,257.350006,42.439999,42.099998,94.010002,117.669998,189.350006,37.189999,1169.969971,46.060001,80.269997,145.800003,91.900002,250.289993,84.209999,36.299999,352.790009,77.019997,7460.290039
2018-01-24,77.809998,54.790001,174.220001,197.779999,66.019997,125.010002,56.880001,1357.51001,70.080002,256.859985,257.959991,42.990002,42.169998,93.779999,114.660004,186.550003,37.490002,1164.23999,45.509998,79.860001,144.389999,91.82,261.299988,83.709999,36.310001,345.890015,77.330002,7415.060059
2018-01-25,78.580002,53.049999,171.110001,197.509995,66.870003,124.949997,55.759998,1377.949951,70.82,247.289993,254.139999,42.139999,41.900002,94,114.5,187.479996,37.73,1170.369995,45.299999,79.669998,145.5,92.330002,269.700012,84.339996,36.490002,337.640015,78.269997,7411.160156
2018-01-26,80.300003,53.07,171.509995,201.300003,67.620003,128.089996,57.119999,1402.050049,72.519997,250.789993,260.25,42.799999,42.560001,94.699997,115.199997,190,38.32,1175.839966,50.080002,79.389999,147.139999,94.059998,274.600006,85.449997,36.779999,342.850006,79.150002,7505.77002
2018-01-29,79.339996,52.68,167.960007,198.229996,67.25,126.790001,55.330002,1417.680054,72.449997,245.470001,253.729996,41.98,42.849998,93.68,117.650002,185.979996,38.139999,1175.579956,49.98,78.419998,147.990005,93.919998,284.589996,84.309998,36.330002,349.529999,80.269997,7466.509766
2018-01-30,78.269997,52.59,166.970001,196.899994,66.559998,122.360001,53.380001,1437.819946,71.610001,240.979996,244.070007,42.34,42.25,92.690002,118.699997,187.119995,37.880001,1163.689941,48.790001,78.5,147.270004,92.739998,278.799988,83.779999,34.900002,345.820007,76.129997,7402.47998
2018-01-31,79.879997,54.32,167.429993,199.759995,66.989998,119.32,53.630001,1450.890015,74.129997,248.029999,246.919998,42.529999,41.540001,92.760002,126.959999,186.889999,36.490002,1169.939941,48.139999,78.389999,147.339996,95.010002,270.299988,85.32,34.669998,354.309998,75.260002,7411.47998
2018-02-01,76.010002,53.880001,167.779999,199.380005,67.559998,118.089996,53.279999,1390,73.349998,238.789993,240.529999,41.889999,41.700001,93.43,128.179993,193.089996,36.709999,1167.699951,47.650002,78.57,147.520004,94.260002,265.070007,78.400002,34.619999,349.25,76.059998,7385.859863
2018-02-02,74.400002,52.099998,160.5,195.639999,65.720001,116.150002,50.68,1429.949951,71.419998,235.479996,233.169998,41.110001,40.93,92.190002,124.529999,190.279999,36.220001,1111.900024,46.150002,77.190002,141.169998,91.779999,267.429993,76.57,34.349998,343.75,73.559998,7240.950195
2018-02-05,72.510002,49.759998,156.490005,190.270004,62.810001,112.720001,48.310001,1390,67.980003,228.100006,225.320007,39.200001,38.779999,89.07,121.639999,181.259995,35.560001,1055.800049,44.52,74.260002,136.339996,88,254.259995,74.705002,35.619999,333.130005,70.43,6967.529785
2018-02-06,73.529999,51.18,163.029999,194.470001,63.669998,114.910004,50.25,1442.839966,69.699997,240.380005,228.770004,39.669998,40.169998,89.120003,123.129997,185.309998,36.419998,1080.599976,44.91,74.309998,140.029999,91.330002,265.720001,75.68,40.84,333.970001,71.790001,7115.879883
2018-02-07,72.160004,51.400002,159.539993,192.339996,64.480003,117.150002,48.689999,1416.780029,69.459999,237.380005,222.5,40.150002,40.34,87.599998,123.050003,180.179993,35.700001,1048.579956,45.200001,73.550003,139.639999,89.610001,264.559998,75.589996,41.049999,345,71.529999,7051.97998
2018-02-08,69.150002,48.599998,155.149994,185.160004,62.490002,108.470001,45.75,1350.5,65.830002,229.570007,212.070007,38.189999,38.77,84.529999,116.540001,171.580002,34.09,1001.52002,42.75,71.580002,133.880005,85.010002,250.100006,72.32,40.049999,315.230011,68.220001,6777.160156
2018-02-09,70.480003,48.360001,156.410004,187.990005,64.129997,108.599998,48.080002,1339.599976,67.080002,235.5,215.669998,38.57,39.529999,85.75,120.639999,176.110001,35.189999,1037.780029,43.950001,71.379997,136.289993,88.18,249.470001,74.75,38.310001,310.420013,68.459999,6874.490234
2018-02-12,71.099998,50.09,162.710007,192.149994,64.93,115.43,49.5,1386.22998,68.32,244.399994,221.639999,38.540001,40.599998,86.790001,122.220001,176.410004,35.950001,1051.939941,44.830002,71.809998,139.100006,89.129997,257.950012,75.279999,37.709999,315.730011,68.459999,6981.959961
2018-02-13,71.309998,50.869999,164.339996,193.479996,64.489998,113.970001,49.549999,1414.51001,68.029999,245.860001,225.600006,38.959999,41.23,86.870003,122.279999,173.149994,36.189999,1052.099976,44.459999,71.709999,140.610001,89.830002,258.269989,74.970001,39.880001,323.660004,68.290001,7013.509766
2018-02-14,73.660004,51.07,167.369995,197.130005,66.870003,123.199997,51.959999,1451.050049,69.650002,247.660004,235.889999,39.43,42.09,89.440002,123.769997,179.520004,36.18,1069.699951,45.380001,71.919998,145.240005,90.809998,266,77.269997,40.720001,322.309998,68.489998,7143.620117
2018-02-15,74.400002,51.669998,172.990005,202.970001,67.400002,122.709999,53.990002,1461.76001,71.989998,251.830002,248.199997,40.080002,44.080002,90.989998,126.480003,179.960007,36.650002,1089.52002,45.919998,72.709999,141.289993,92.660004,280.269989,78.294998,42.400002,334.070007,69.779999,7256.430176
2018-02-16,73.510002,51.580002,172.429993,201.559998,66.889999,120.470001,55.029999,1448.689941,70.190002,248.889999,244.720001,39.790001,44.330002,91.209999,126.019997,177.360001,37.040001,1094.800049,45.560001,70.800003,138.5,92,278.519989,78.370003,43.32,335.48999,70.919998,7239.470215
2018-02-20,74.589996,51.720001,171.850006,202.979996,66.769997,118.849998,56.66,1468.349976,70.839996,249.619995,245.429993,39.470001,44.060001,91.779999,126.339996,176.009995,36.610001,1102.459961,46.32,68.690002,140.440002,92.720001,278.549988,77.059998,42.650002,334.769989,70.910004,7234.310059
2018-02-21,75.110001,52.779999,171.070007,202.089996,66.32,117.099998,56.130001,1482.920044,70.220001,248.619995,246.919998,39.009998,43.310001,91.379997,124.900002,177.910004,36.560001,1111.339966,45.939999,67.470001,141.960007,91.489998,281.040009,76.510002,42.369999,333.299988,69.629997,7218.22998
2018-02-22,75.519997,52.98,172.5,202.610001,66.25,114.589996,56.07,1485.339966,69.489998,249.350006,249.350006,38.799999,42.939999,91.610001,124.610001,178.990005,36.73,1106.630005,45.799999,67.639999,140.600006,91.730003,278.140015,77.699997,41.650002,346.170013,69.669998,7210.089844
2018-02-23,77.760002,53.389999,175.5,209.740005,67.360001,118.93,57.009998,1500,72.07,253.710007,250.740005,39.5,44,92.809998,127.099998,183.289993,37.619999,1126.790039,47.73,69.019997,142.169998,94.059998,285.929993,79.690002,42.299999,352.049988,70.360001,7337.390137
2018-02-26,78.080002,55,178.970001,212.149994,68.599998,121.330002,58.810001,1521.949951,73.160004,252.949997,256.25,39.580002,45.360001,92.949997,128.570007,184.929993,38.400002,1143.75,49.110001,69.739998,141.350006,95.419998,294.160004,79.349998,41.450001,357.420013,70.599998,7421.459961
2018-02-27,76.129997,54.259998,178.389999,208.820007,68.239998,118.339996,57.639999,1511.97998,72.610001,251.809998,250.460007,36.66,45.040001,92.370003,125.800003,181.460007,37.139999,1118.290039,49.91,67.870003,138.119995,94.199997,290.609985,79.459999,39.73,350.98999,69.139999,7330.350098
2018-02-28,74.849998,54.25,178.119995,209.130005,67.459999,117.449997,57.59,1512.449951,73.129997,246.460007,252.339996,36.209999,44.779999,92,123.699997,178.320007,36.419998,1104.72998,49.290001,67.050003,141.210007,93.769997,291.380005,79.410004,40.080002,343.059998,68.889999,7273.009766
2018-03-01,73.739998,53.48,175,206.029999,67.919998,115.110001,57.07,1493.449951,72.010002,243.309998,249.75,36.540001,43.799999,90.809998,122.169998,175.940002,35.529999,1069.52002,47.84,66.889999,137.539993,92.849998,290.390015,78.639999,39.759998,330.929993,70.199997,7180.560059
2018-03-02,72.690002,53.18,176.210007,209.789993,69.43,117.919998,58.029999,1500.25,74.010002,250.869995,250.600006,36.490002,44.060001,91.980003,125.089996,176.619995,35.93,1078.920044,48.98,67.169998,139.580002,93.050003,301.049988,78.870003,39.689999,335.119995,70.580002,7257.870117
2018-03-05,73.440002,53.189999,176.820007,211.160004,69.809998,119.5,57.630001,1523.609985,75.099998,246.979996,254.889999,36.779999,44.52,92.709999,126.099998,180.399994,36.150002,1090.930054,49.75,67.43,135.729996,93.639999,315,79.07,41.970001,333.350006,70.550003,7330.709961
2018-03-06,75.169998,53.57,176.669998,212.009995,69.940002,118.129997,59.990002,1537.640015,73.919998,250.960007,258.730011,36.869999,44.290001,93.639999,124.550003,179.779999,37.02,1095.060059,50.709999,67.769997,137.610001,93.32,325.220001,79.230003,42.380001,328.200012,69.790001,7372.009766
2018-03-07,75.980003,54.110001,175.029999,216.860001,69.989998,118.379997,59.419998,1545,74.07,247.050003,257.26001,36.119999,44.200001,94.360001,127.169998,183.710007,36.509998,1109.640015,51.32,67.459999,138.979996,93.860001,321.160004,79.519997,42.580002,332.299988,69.5,7396.649902
2018-03-08,75.730003,54.790001,176.940002,216.399994,75.080002,120.010002,59.369999,1551.859985,76.809998,246.949997,257.140015,36.880001,44.34,94.57,128.820007,182.339996,36.790001,1126,50.740002,66.989998,139.350006,94.43,317,79.870003,42.450001,329.100006,68.970001,7427.950195
2018-03-09,76.620003,56.07,179.979996,221.110001,76.07,125.68,61.610001,1578.890015,78.220001,253.779999,263.559998,37.130001,45.369999,95.510002,128.490005,185.229996,37.209999,1160.040039,52.189999,67.230003,143.289993,96.540001,331.440002,80.709999,43.029999,327.170013,70.599998,7560.810059
2018-03-12,77.559998,56.5,181.720001,220.940002,74.970001,127.080002,60.970001,1598.390015,76.860001,262.839996,265.670013,36.959999,45.549999,95.879997,128.119995,184.759995,37.5,1164.5,51.52,67.699997,141.809998,96.769997,321.299988,80.599998,43.169998,345.51001,70.150002,7588.319824
2018-03-13,75.970001,56.23,179.970001,219.759995,73.300003,121.080002,59.689999,1588.180054,75.93,261.220001,258.350006,36.43,45.16,95.599998,126.57,181.880005,36.849998,1138.170044,51.779999,67.370003,141.75,94.410004,315.880005,80.199997,42.279999,341.839996,69.860001,7511.009766
2018-03-14,77.199997,55.279999,178.440002,218.440002,73.25,122.68,60.23,1591,74.220001,260.589996,259.350006,36.02,45.279999,95.260002,127.970001,184.190002,37.23,1149.48999,51.860001,66.580002,141.429993,93.849998,321.549988,83.309998,44.049999,326.630005,68.550003,7496.810059
2018-03-15,79.419998,55.169998,178.649994,218.869995,74.709999,126.830002,60.279999,1582.319946,73.379997,267.76001,262.709991,36.150002,45.330002,95.480003,129.119995,183.860001,36.700001,1149.579956,50.880001,65.459999,141.729996,94.18,321.089996,82.57,43.740002,325.600006,67.379997,7481.740234
2018-03-16,79.900002,55.400002,178.020004,225.550003,74.019997,126.75,59.439999,1571.680054,71.68,254.869995,262.390015,35.830002,45.009998,95.129997,128.520004,185.089996,36.619999,1135.72998,51.169998,65.360001,141.059998,94.599998,318.450012,82.160004,43.77,321.350006,67.57,7481.990234
2018-03-19,77.839996,54.619999,175.300003,222.179993,72.489998,122.029999,58.5,1544.930054,71.050003,244.949997,252.830002,35.299999,44.27,94.529999,125.440002,172.559998,36.25,1099.819946,50.830002,63.950001,139.820007,92.889999,313.480011,80.300003,42.720001,313.559998,66.620003,7344.240234
2018-03-20,79.07,55.32,175.240005,229.75,73.68,120.220001,59.23,1586.51001,71.370003,242.360001,254.460007,34.57,44.369999,94.550003,126.849998,168.149994,36.18,1097.709961,51.549999,63.18,140.550003,93.129997,317.5,80.860001,41.779999,310.549988,66.050003,7364.299805
2018-03-21,78.07,54.09,171.270004,226.850006,73.389999,117.889999,60.779999,1581.859985,71.610001,246,250.050003,34.490002,44.310001,94.449997,126,169.389999,36.299999,1090.880005,51.560001,61.990002,140.419998,92.480003,316.480011,81.040001,41.59,316.529999,66.269997,7345.290039
2018-03-22,74.57,52.310001,168.850006,220.520004,71.650002,114.230003,58.959999,1544.920044,69.760002,243.570007,236.110001,33.23,43.07,93.32,122.980003,164.889999,36.18,1049.079956,50.830002,60.529999,137.25,89.790001,306.700012,78.559998,40.110001,309.100006,65.830002,7166.680176
2018-03-23,73,51.009998,164.940002,215.020004,70.190002,110.790001,55.380001,1495.560059,68.040001,242.479996,230.080002,33.169998,42.419998,91.599998,121.440002,159.389999,35.450001,1021.570007,49.360001,60.029999,133.759995,87.18,300.940002,76.440002,40.040001,301.540009,65.43,6992.669922
2018-03-26,75.809998,51.860001,172.770004,228.910004,72.18,111.550003,58.470001,1555.859985,70.080002,247.729996,235.940002,33.540001,44.060001,93.790001,126.440002,160.059998,36.580002,1053.209961,52.48,61.650002,138.919998,93.779999,320.350006,78.949997,41.939999,304.179993,67.470001,7220.540039
2018-03-27,73.029999,50.900002,168.339996,213.800003,70.75,108.330002,55.439999,1497.050049,66.290001,244.369995,230.960007,32.990002,42.68,92.459999,119.980003,152.220001,36.080002,1005.099976,51.189999,60.700001,135.589996,89.470001,300.690002,76.309998,40.330002,279.179993,65.959999,7008.810059
2018-03-28,72.639999,50.849998,166.479996,212.539993,70.050003,110.610001,54.060001,1431.420044,65.970001,236.679993,223.100006,33.279999,41.66,91.699997,119.330002,153.029999,35.5,1004.559998,49.599998,61.369999,133.899994,89.389999,285.769989,75.059998,40.610001,257.779999,67.589996,6949.22998
2018-03-29,74.040001,51.959999,167.779999,216.080002,70.980003,111.459999,55.610001,1447.339966,67.459999,235.649994,223.190002,34.169998,42.889999,92.800003,121.239998,159.789993,36.369999,1031.790039,52.080002,62.290001,135.979996,91.269997,295.350006,75.870003,40.889999,266.130005,65.470001,7063.450195
2018-04-02,71.599998,49.779999,166.679993,212.279999,69.25,108.639999,52.889999,1371.98999,65.089996,227.679993,220.059998,33.52,41.009998,91.330002,118.720001,155.389999,35.68,1006.469971,48.919998,60.060001,132.070007,88.519997,280.290009,75,39.119999,252.479996,63.099998,6870.120117
2018-04-03,70.529999,51.470001,168.389999,215.929993,70.120003,107.480003,53.98,1392.050049,65.480003,236.779999,220.020004,33.470001,41.380001,91.870003,119.510002,156.110001,35.59,1013.409973,49.75,60.240002,132.5,89.709999,283.670013,74.559998,40.009998,267.529999,63.169998,6941.279785
2018-04-04,69.519997,52.040001,171.610001,225.050003,70.410004,111.510002,55.560001,1410.569946,66.269997,236.990005,224.300003,34.310001,41.200001,92.690002,120.110001,155.100006,35.669998,1025.140015,49.990002,61.380001,135.809998,92.330002,288.940002,74.779999,41.419998,286.940002,65.510002,7042.109863
2018-04-05,69.379997,52.139999,172.800003,223.539993,72.290001,109.309998,54.290001,1451.75,66.529999,236.309998,225.570007,34.599998,41.82,92.709999,121.230003,159.339996,36,1027.810059,50.380001,61.310001,134.440002,92.379997,293.970001,76.949997,41.369999,305.720001,64.650002,7076.549805
2018-04-06,67.550003,50.290001,168.380005,218.610001,69.339996,109.239998,52.34,1405.22998,64.559998,228.869995,219.820007,34.119999,40.73,91.779999,118.360001,157.199997,35.34,1007.039978,48.790001,60.540001,130.929993,90.230003,288.850006,73.860001,40.150002,299.299988,63.470001,6915.109863
2018-04-09,68.440002,49.82,170.050003,219.169998,70.459999,110.629997,53.02,1406.079956,65.769997,234.740005,224.330002,33.950001,41.169998,92.260002,118.860001,157.929993,35.330002,1015.450012,49.549999,60.650002,130.720001,90.769997,289.929993,75.190002,39.799999,289.660004,62.849998,6950.339844
2018-04-10,70.779999,47.459999,173.25,224.529999,72.489998,113.459999,54.799999,1436.219971,66.519997,239.75,231.5,33.860001,42.509998,93.400002,120.709999,165.039993,35.799999,1031.640015,51.27,61.25,129.839996,92.879997,298.070007,76.790001,40.830002,304.700012,63.759998,7094.299805
2018-04-11,70.550003,45.400002,172.440002,223.630005,71.589996,110.790001,54.950001,1427.050049,65.849998,240.320007,229.649994,33.560001,42.43,93.629997,118.779999,166.320007,35.650002,1019.969971,51.099998,61.540001,132.029999,91.860001,303.670013,76.5,40.330002,300.929993,64.110001,7069.029785
2018-04-12,70.540001,46.57,174.139999,226.960007,71.919998,111.290001,56.43,1448.5,67.220001,239.429993,231.339996,33.130001,43.34,94.550003,121.089996,163.869995,36.07,1032.51001,52.720001,60.939999,133.009995,93.580002,309.25,77.459999,40.709999,294.079987,64.040001,7140.25
2018-04-13,69.290001,45.869999,174.729996,224.059998,71.43,111.379997,56.07,1430.790039,65.879997,246.940002,228.169998,33.02,43,94.900002,120.529999,164.520004,36.41,1029.27002,51.860001,60.919998,131.059998,93.080002,311.649994,77.269997,40.52,300.339996,63.82,7106.649902
2018-04-16,69.919998,46.400002,175.820007,226.520004,71.639999,109.480003,56.869999,1441.5,66.559998,249.369995,229.899994,33.529999,43.299999,95.970001,122.190002,164.830002,36.509998,1037.97998,52.400002,61.189999,133.470001,94.169998,307.779999,77.800003,41.139999,291.209991,66.220001,7156.279785
2018-04-17,71.089996,45.75,178.240005,231.160004,72.489998,113.279999,57.860001,1503.829956,68.279999,251.740005,235.669998,33.27,44.59,97.519997,124.309998,168.660004,37.09,1074.160034,53.540001,61.689999,136.809998,96.07,336.059998,80.029999,41.98,287.690002,65.970001,7281.100098
2018-04-18,72.32,47.759998,177.839996,231.100006,72.849998,112.959999,54.73,1527.839966,68.690002,249.589996,237.75,33.27,44.630001,98.220001,124.93,166.360001,36.82,1072.079956,53.610001,60.790001,138.309998,96.440002,334.519989,80.339996,42.099998,293.350006,66.260002,7295.240234
2018-04-19,72.019997,46.880001,172.800003,227.619995,72.459999,111.739998,51.189999,1556.910034,67.68,242.860001,237.110001,33.48,44.560001,97.220001,123.110001,168.100006,36.68,1087.699951,52.220001,59.73,137.619995,96.110001,332.700012,79.68,41.639999,300.079987,65.279999,7238.060059
2018-04-20,71.059998,46.779999,165.720001,225.240005,71.300003,107.779999,51.09,1527.48999,66.300003,237.119995,232.5,33.209999,44.09,96.57,120.889999,166.279999,36.18,1072.959961,51.529999,58.220001,137.479996,95,327.769989,78.730003,41.619999,290.23999,63.919998,7146.129883
2018-04-23,69.889999,46.68,165.240005,225.300003,71.669998,107.830002,50.18,1517.859985,66.230003,233.449997,231.419998,33.869999,44.25,97.029999,119.599998,165.839996,36.029999,1067.449951,51.099998,57.68,137.630005,95.349998,318.690002,78.209999,42.689999,283.369995,64.599998,7128.600098
2018-04-24,69.260002,45.689999,162.940002,217.889999,70.970001,106.510002,48.720001,1460.089966,65.339996,228.389999,231.410004,33.349998,43.740002,96.599998,118.589996,159.690002,35.52,1019.97998,51.450001,56.529999,136.899994,93.120003,307.019989,75.279999,41.91,283.459991,65,7007.350098
2018-04-25,68.269997,45.25,163.649994,217.320007,70.779999,106.040001,49.139999,1460.170044,64.82,229,231.410004,34.259998,43.709999,96.580002,116.68,159.690002,36.130001,1021.179993,51.380001,56.849998,137.240005,92.309998,305.76001,74,38.330002,280.690002,65.949997,7003.740234
2018-04-26,69.800003,42.369999,164.220001,221.910004,71.529999,121.419998,50.490002,1517.959961,66.339996,230.419998,238.690002,33.330002,44.209999,101.169998,119.599998,174.160004,35.84,1040.040039,53.049999,57.330002,137.759995,94.260002,313.980011,76.029999,37.389999,285.480011,66.739998,7118.680176
2018-04-27,69.730003,43.400002,162.320007,221.899994,71.099998,121.370003,49.400002,1572.619995,65.790001,232.779999,251.929993,31.809999,44.709999,103.269997,117.470001,173.589996,35.990002,1030.050049,52.73,57.66,137.419998,95.82,311.76001,74.129997,37.27,294.079987,67.110001,7119.799805
2018-04-30,70.080002,42.93,165.259995,221.600006,71.650002,117.629997,49.669998,1566.130005,66.349998,229.419998,250.899994,31.389999,44.290001,102.910004,117.980003,172,36.07,1017.330017,51.619999,56.380001,136.679993,93.519997,312.459991,74.610001,37.419998,293.899994,66.449997,7066.27002
2018-05-01,69.889999,43.360001,169.100006,224.080002,70.839996,118.620003,50.91,1582.26001,67.800003,230.380005,252.130005,32.060001,44.830002,104.709999,119.830002,173.860001,36.119999,1037.310059,53.330002,55.700001,137.600006,95,313.299988,74.809998,37.529999,299.920013,65.419998,7130.700195
2018-05-02,70.209999,42.240002,176.570007,221.100006,71.650002,114.239998,50.529999,1569.680054,68.389999,228.740005,249.800003,31.299999,43.860001,104.410004,118.940002,176.070007,36.130001,1024.380005,52.310001,54.200001,134.160004,93.510002,313.359985,71.730003,38.299999,301.149994,63.650002,7100.899902
2018-05-03,70.379997,42.110001,176.889999,226.050003,71.449997,113.860001,50.709999,1572.079956,66.82,225.25,252.460007,31.01,44.439999,104.809998,120.169998,174.020004,36.330002,1023.719971,52.279999,54.950001,134.639999,94.07,311.690002,73.449997,38,284.450012,62.23,7088.149902
2018-05-04,72.709999,42.860001,183.830002,228.509995,72.010002,116.809998,52.560001,1580.949951,69.839996,230.520004,251.729996,31.959999,45.299999,105.230003,123.639999,176.610001,37.16,1048.209961,52.779999,58.009998,135.850006,95.160004,320.089996,73.989998,38.529999,294.089996,63.810001,7209.620117
2018-05-07,75.330002,42.439999,185.160004,230.990005,73.120003,118.410004,52.59,1600.140015,70.370003,235.970001,253.899994,32.389999,45.73,106.580002,123.919998,177.970001,37.48,1054.790039,53.330002,58.830002,136.639999,96.220001,326.26001,74.669998,39.43,302.769989,62.299999,7265.209961
2018-05-08,76.040001,43,186.050003,234.559998,73.68,114.949997,53.450001,1592.390015,69.610001,238.850006,263.089996,30.59,45.709999,107.290001,123.889999,178.919998,37.450001,1053.910034,53.630001,58.759998,139.309998,95.809998,326.890015,75.720001,38.779999,301.970001,62.360001,7266.899902
2018-05-09,75.93,41.5,187.360001,239.740005,77.300003,116.769997,54.130001,1608,71.309998,238.050003,261.290009,30.73,46.040001,107.779999,131.009995,182.660004,37.240002,1082.76001,54.34,58.48,137.899994,96.940002,330.299988,77.010002,47.619999,306.850006,62.939999,7339.910156
2018-05-10,75.900002,42.040001,190.039993,241.149994,76.360001,116.129997,55.529999,1609.079956,72.900002,243.509995,268.679993,31.559999,46.299999,108.190002,133.759995,185.529999,37.459999,1097.569946,54.98,59.040001,138.570007,97.910004,329.600006,79.190002,48.509998,305.019989,63.810001,7404.970215
2018-05-11,75.669998,42.599998,188.589996,241.880005,76.300003,119.660004,54.84,1602.910034,71.699997,243.380005,269.910004,31.9,45.93,107.470001,132.809998,186.990005,37.48,1098.26001,54.669998,59.240002,139.820007,97.699997,326.459991,79.199997,48.990002,301.059998,64.089996,7402.879883
2018-05-14,76.739998,42.459999,188.149994,238.369995,76.690002,122.849998,55.259998,1601.540039,71.699997,244.759995,272.26001,32.139999,45.700001,106.739998,132.529999,186.639999,37.290001,1100.199951,54.900002,59.279999,139.350006,98.029999,328.529999,78.809998,48.669998,291.970001,65.099998,7411.319824
2018-05-15,76.440002,43.189999,186.440002,236.600006,76.290001,121.550003,54.09,1576.119995,70.169998,241.580002,271.920013,32.009998,45.48,106.139999,130.110001,184.320007,37.349998,1079.22998,53.919998,59.040001,138.860001,97.32,326.130005,77.790001,48.369999,284.179993,64.610001,7351.629883
2018-05-16,77.019997,44.060001,188.179993,237.389999,74.589996,121,55.169998,1587.280029,70.330002,240.509995,284.070007,32.549999,45.16,105.879997,130.860001,183.199997,37.709999,1081.77002,54.639999,59.290001,140.440002,97.150002,328.190002,77.82,48.709999,286.480011,65.739998,7398.299805
2018-05-17,76.5,43.630001,186.990005,236.850006,76.089996,121.150002,53.959999,1581.76001,71.660004,239.449997,279.679993,32.41,43.459999,105.650002,130.809998,183.759995,37.279999,1078.589966,54.810001,58.060001,138.289993,96.18,325.220001,79.190002,48.849998,284.540009,65.989998,7382.470215
2018-05-18,75.93,43.380001,186.309998,238.089996,75.339996,121.07,49.509998,1574.369995,71.989998,235.990005,253.009995,32.720001,43.209999,105.339996,132,182.679993,37.27,1066.359985,53.5,56.790001,138.520004,96.360001,324.179993,80.790001,47.919998,276.820007,64.339996,7354.339844
2018-05-21,77.019997,44.279999,187.630005,238.100006,76.459999,119.370003,50,1585.459961,71.449997,239.050003,240.509995,32.34,43.75,105.559998,132.910004,184.490005,37.450001,1079.579956,54.32,56.450001,138.800003,97.599998,331.820007,81.25,48.029999,284.48999,64.5,7394.040039
2018-05-22,76.510002,42.880001,187.160004,238.789993,76.389999,119.010002,50.25,1581.400024,71.349998,238.490005,239.970001,32.509998,43.650002,105.410004,132.179993,183.800003,37.740002,1069.72998,54.450001,56.580002,137.779999,97.5,331.619995,80.620003,48.220001,275.01001,64.230003,7378.459961
2018-05-23,76.449997,42.799999,188.360001,243.910004,77.019997,118.129997,50.34,1601.859985,71.739998,240.559998,240.389999,31.879999,43.68,106.550003,133.5,186.899994,38.240002,1079.689941,55.209999,56.98,137.589996,98.660004,344.720001,81.080002,48.68,279.070007,63.91,7425.959961
2018-05-24,77.169998,43.560001,188.149994,245.149994,77.480003,117.139999,50.77,1603.069946,70.800003,243.529999,240.279999,31.629999,43.57,106.559998,131.479996,185.929993,38.5,1079.23999,54.75,57.060001,137.869995,98.309998,349.290009,81.550003,49.09,277.850006,63.41,7424.430176
2018-05-25,77.43,44.91,188.580002,243.559998,76.510002,117.739998,50.849998,1610.150024,71.459999,250.029999,243.800003,31.75,43.259998,106.550003,131.850006,184.919998,38.52,1075.660034,55.439999,57.77,137.970001,98.360001,351.290009,80.959999,49.48,278.850006,63.529999,7433.850098
2018-05-29,76.800003,43.59,187.899994,242.190002,75.82,115.730003,52.02,1612.869995,70.639999,249.690002,242.050003,31.51,42.970001,105.989998,131.25,185.740005,38.25,1060.319946,55.32,57.400002,134.550003,98.010002,349.730011,80.730003,49.889999,283.76001,62.700001,7396.589844
2018-05-30,77.029999,43.299999,187.5,247.399994,76.080002,116.480003,51.59,1624.890015,70.690002,249.399994,241.630005,31.48,42.849998,106.610001,131.369995,187.669998,38.25,1067.800049,55.68,58.84,136.270004,98.949997,353.540009,81.599998,50.75,291.720001,63.540001,7462.450195
2018-05-31,77.160004,43.540001,186.869995,249.279999,75.379997,116.129997,50.779999,1629.619995,70.910004,252.070007,242.559998,31.18,42.709999,105.620003,130.910004,191.779999,38.169998,1084.98999,55.200001,57.48,135.360001,98.839996,351.600006,82.07,52.139999,284.730011,62.389999,7442.120117
2018-06-01,78.980003,44,190.240005,251.309998,76,119.010002,52.240002,1641.540039,73.029999,256.339996,248.460007,31.26,43.66,106.839996,135.690002,193.990005,38.27,1119.5,57.080002,57.650002,138.339996,100.790001,359.929993,83.25,55.209999,291.820007,62.860001,7554.330078
2018-06-04,80.239998,44.860001,191.830002,253.339996,77.07,119.779999,52.290001,1665.27002,72.790001,258.369995,260.899994,31.290001,43.580002,107.599998,134.660004,193.279999,38.439999,1139.290039,56.830002,58.419998,138.690002,101.669998,361.809998,84.57,56.150002,296.73999,63.299999,7606.459961
2018-06-05,80.349998,44.18,193.309998,252.699997,78.989998,119.279999,52.91,1696.349976,72.769997,259.26001,259.980011,31.08,43.669998,108.769997,136.960007,192.940002,38.740002,1139.660034,56.529999,57.919998,138.220001,102.190002,365.799988,85.050003,57.509998,291.130005,62.889999,7637.859863
2018-06-06,80.279999,44.189999,193.979996,253.949997,78.010002,120.610001,52.529999,1695.75,74.790001,263.519989,263.940002,32.27,44.259998,109.220001,136.940002,191.339996,38.849998,1136.880005,57.029999,57.919998,141.570007,102.489998,367.450012,85.209999,56.23,319.5,63.150002,7689.240234
2018-06-07,79.75,43.84,193.460007,247.509995,78.279999,118.610001,51.25,1689.300049,73.949997,264.679993,264.890015,32,43.650002,108.25,136.910004,188.179993,39.23,1123.859985,55.880001,57.669998,139.440002,100.879997,361.399994,83.269997,55.470001,316.089996,63.599998,7635.069824
2018-06-08,80.550003,43.110001,191.699997,251.210007,78.480003,118.330002,51.150002,1683.98999,74.290001,257.970001,263.589996,32.080002,43.48,107.940002,137.869995,189.100006,39.549999,1120.869995,55.049999,58.470001,138.380005,101.629997,360.570007,84.339996,55.84,317.660004,63.400002,7645.509766
2018-06-11,80.690002,44.16,191.229996,251,79.260002,116.699997,49.889999,1689.119995,75,260.829987,269.779999,32,43.689999,107.110001,139.160004,191.539993,39.919998,1129.98999,54.52,59.880001,139.139999,101.050003,361.450012,83.889999,57.110001,332.100006,64.059998,7659.930176
2018-06-12,81.620003,43.41,192.279999,252.589996,80.57,117.580002,50.860001,1698.75,75.940002,261.429993,267.420013,32.380001,43.939999,106.610001,139.779999,192.399994,40.389999,1139.319946,54.82,60.119999,139.860001,101.309998,363.829987,85.019997,58.290001,342.769989,63.700001,7703.790039
2018-06-13,80.830002,42.919998,190.699997,256.130005,80.949997,118.199997,50.98,1704.859985,76.669998,263.579987,270,32.32,44.009998,105.839996,143.279999,192.410004,43.41,1134.790039,55.029999,60.099998,138.350006,100.849998,379.929993,85.269997,56.630001,344.779999,63.91,7695.700195
2018-06-14,82.360001,43.080002,190.800003,258.100006,80.860001,120.160004,49.689999,1723.859985,77.709999,268.459991,270.640015,33.82,44.689999,106.82,144.389999,196.809998,44.419998,1152.119995,55.540001,60.669998,138.75,101.419998,392.869995,85.610001,57.73,357.720001,64.870003,7761.040039
2018-06-15,81.459999,42.77,188.839996,251.820007,81.970001,121.519997,49.310001,1715.969971,77.410004,270.230011,272.970001,33.880001,44.25,106.940002,146.649994,195.850006,44.560001,1152.26001,55.110001,61.610001,138.830002,100.129997,391.980011,85.309998,58.540001,358.170013,65.800003,7746.379883
2018-06-18,81.610001,42.439999,188.740005,255.690002,82.580002,118.669998,48.32,1723.790039,77.870003,264.5,268.890015,32.580002,44.209999,107.480003,144.860001,198.309998,44.369999,1173.459961,53.220001,60.869999,138.669998,100.860001,390.399994,85.849998,59.32,370.829987,64.150002,7747.029785
2018-06-19,80.169998,41.509998,185.690002,251.740005,81.68,121.910004,48.549999,1734.780029,77.239998,260.950012,262.109985,32.810001,43.82,108.360001,143.089996,197.490005,44.290001,1168.060059,52.93,62.139999,136.580002,100.860001,404.980011,84.519997,59.119999,352.549988,64.610001,7725.589844
2018-06-20,81.110001,42.029999,186.5,251.240005,82.300003,124.519997,48.580002,1750.079956,76.839996,261.220001,264.059998,33.389999,43.740002,108.660004,143.539993,202,47.5,1169.839966,53.459999,63.040001,135.990005,101.870003,416.76001,85.949997,58.549999,362.220001,68,7781.509766
2018-06-21,79.620003,41.490002,185.460007,248.830002,81.690002,125.809998,48.990002,1730.219971,76.050003,259.649994,260.5,32.790001,43.16,107.129997,143.149994,201.5,48.040001,1157.660034,52.189999,62.57,133.729996,101.139999,415.440002,85.970001,57.029999,347.51001,67.790001,7712.950195
2018-06-22,79.459999,41.349998,184.919998,243.630005,80.32,127.57,47.959999,1715.670044,75.980003,259.709991,259,33.810001,43.200001,105.510002,141.259995,201.740005,48.349998,1155.47998,52.5,63.209999,132.610001,100.410004,411.089996,85.120003,56.66,333.630005,67.610001,7692.819824
2018-06-25,75.459999,39.68,182.169998,239.679993,77.650002,124.830002,46.709999,1663.150024,74.699997,252.419998,250.410004,33.119999,42.290001,104.459999,140.520004,196.350006,47.889999,1124.810059,50.709999,63.32,129.100006,98.389999,384.480011,82.190002,55.709999,333.01001,67.239998,7532.009766
2018-06-26,75.5,39.09,184.429993,242.25,75.720001,122.43,46.669998,1691.089966,75.269997,251.539993,250.770004,32.779999,42.549999,104.68,140.369995,199,47.419998,1118.459961,49.669998,63.209999,129.429993,99.080002,399.390015,82.32,56.529999,342,66.57,7561.629883
2018-06-27,73.129997,38.259998,184.160004,237.679993,72.459999,121.839996,45.25,1660.51001,73.419998,247.110001,243,32.290001,42.330002,102.599998,137.75,195.839996,48.299999,1103.97998,48.759998,62.689999,126.940002,97.540001,390.390015,80.669998,55.98,344.5,66.260002,7445.080078
2018-06-28,74.410004,38.200001,185.5,239.809998,72.480003,121.660004,45.290001,1701.449951,76.010002,244.899994,242.210007,32.630001,42.939999,104.18,140.630005,196.229996,49.330002,1114.219971,49.25,62.650002,125.260002,98.629997,395.420013,82.480003,56.650002,349.929993,59.700001,7503.680176
2018-06-29,73.209999,37.959999,185.110001,243.809998,73.230003,124.150002,46.189999,1699.800049,76.32,242.639999,243,32.810001,43.029999,104.839996,141.020004,194.320007,49.27,1115.650024,49.709999,62.82,126.599998,98.610001,391.429993,83.269997,55.709999,342.950012,60.02,7510.299805
2018-07-02,73.410004,38.360001,187.179993,243.259995,74.440002,125,45.68,1713.780029,77.279999,242.050003,246.25,33.169998,42.810001,106.720001,143.479996,197.360001,48.669998,1127.459961,50.200001,62.09,126.489998,100.010002,398.179993,83.889999,56.110001,335.070007,61.130001,7567.689941
2018-07-03,72.790001,37.75,183.919998,242.009995,74.230003,125.760002,44.799999,1693.959961,75.879997,239.289993,246.429993,33.09,42.669998,106.330002,141.229996,192.729996,48.029999,1102.890015,49.470001,62.639999,124.519997,99.050003,390.519989,83.269997,56.240002,310.859985,60.759998,7502.669922
2018-07-05,73.349998,37.990002,185.399994,244.179993,74.339996,128.080002,45.439999,1699.72998,76.190002,245.399994,244.070007,33.119999,42.560001,105.830002,143.229996,198.449997,48.169998,1124.27002,50.75,63.950001,126.489998,99.760002,398.390015,84.589996,56.91,309.160004,62.380001,7586.430176
2018-07-06,75.360001,38.09,187.970001,248.190002,75.169998,132.199997,46.130001,1710.630005,77.190002,247.679993,251.770004,33.580002,42.709999,106.57,145.100006,203.229996,48.43,1140.170044,51.369999,64.43,127.660004,101.160004,408.25,85.940002,57.560001,308.899994,63.299999,7688.390137
2018-07-09,75.610001,39.310001,190.580002,249.770004,76.230003,131.580002,46.52,1739.02002,76.839996,247.429993,261.970001,33.560001,42.669998,107.089996,144.639999,204.740005,49.080002,1154.050049,51.860001,63.970001,130.160004,101.849998,418.970001,86.230003,57.700001,318.51001,63.73,7756.200195
2018-07-10,75.970001,39.119999,190.350006,248.630005,75.830002,131.910004,46.740002,1743.069946,76.190002,250.559998,261.25,33.34,42.860001,106.870003,144.190002,203.539993,49.34,1152.839966,52.16,64,130.729996,102.120003,415.630005,86.169998,57.59,322.470001,63.200001,7759.200195
2018-07-11,73.760002,35.959999,187.880005,248.119995,76.489998,131.119995,45.200001,1755,78.610001,243.440002,261.25,33.77,42.57,107.160004,145.720001,202.539993,47.400002,1153.900024,51.200001,63.740002,129.850006,101.980003,418.649994,86.25,58.669998,318.959991,63.66,7716.609863
2018-07-12,74.610001,36.330002,191.029999,254.869995,77.669998,134.289993,45.68,1796.619995,81.370003,209.979996,271.450012,34.549999,43.580002,109.849998,148.610001,206.919998,47.040001,1183.47998,52.349998,63.639999,130.770004,104.190002,413.5,89.129997,59.599998,316.709991,63.880001,7823.919922
2018-07-13,74.480003,37.119999,191.330002,258.589996,77.32,135.869995,46.130001,1813.030029,81.5,202.460007,267.190002,34.700001,41.779999,109.769997,148.729996,207.320007,47.189999,1188.819946,52.220001,63.849998,131.009995,105.43,395.799988,87.989998,59.130001,318.869995,65.169998,7825.97998
2018-07-16,74.660004,37.279999,190.910004,254.679993,77.68,134.580002,46.310001,1822.48999,80.230003,203.25,267.079987,34.970001,42.5,109.970001,146.679993,207.229996,46.41,1183.859985,52.009998,62.639999,130.789993,104.910004,400.480011,87.769997,59.349998,310.100006,65.160004,7805.720215
2018-07-17,75.360001,37.380001,191.449997,258.309998,78.629997,136.399994,47.299999,1843.930054,80.949997,208.309998,270.019989,34.27,42.34,110.110001,148.740005,209.990005,46.189999,1198.800049,51.75,63.049999,130.449997,105.949997,379.480011,88.580002,60.369999,322.690002,65.629997,7855.120117
2018-07-18,74.660004,38.369999,190.399994,259.779999,78.120003,135.649994,48.279999,1842.920044,81.269997,208.779999,269.420013,34.040001,42.209999,110.730003,148.929993,209.360001,46.32,1195.880005,51.720001,61.59,133.130005,105.120003,375.130005,88.220001,60.950001,323.850006,66.160004,7854.439941
2018-07-19,73.360001,38.130001,191.880005,257.679993,78.239998,135.089996,46.669998,1812.969971,80.610001,210.369995,262.420013,34.91,42.400002,109.690002,147.960007,208.089996,46.200001,1186.959961,51.98,61.34,133.199997,104.400002,364.230011,87.379997,60.68,320.230011,64.93,7825.299805
2018-07-20,73.269997,37.880001,191.440002,257.540009,78.910004,135.160004,46.759998,1813.699951,79.650002,210.330002,259.980011,34.299999,42.009998,108.230003,147.479996,209.940002,45.689999,1184.910034,51.91,60.689999,133.050003,106.269997,361.049988,87.470001,59.849998,313.579987,64.980003,7820.200195
2018-07-23,73.150002,38.040001,191.610001,259.470001,79.75,134.580002,46.43,1802,79.75,216.720001,260.380005,34.169998,42.060001,108.019997,146.559998,210.910004,45.540001,1205.5,52.310001,60.299999,132.029999,107.970001,362.660004,89.239998,60.299999,303.200012,65.339996,7841.870117
2018-07-24,74.150002,37.450001,193,257.48999,79.220001,135.300003,45.91,1829.23999,78.410004,217.339996,256.480011,33.389999,42.389999,107.599998,144.320007,214.669998,44.91,1248.079956,52.18,59.669998,130.020004,107.660004,357.320007,91.410004,59.689999,297.429993,65.510002,7840.77002
2018-07-25,77.529999,38.189999,194.820007,263.170013,80.129997,137.179993,45.959999,1863.609985,79.449997,225.970001,262.910004,33.419998,43.16,109.239998,146.5,217.5,44.869999,1263.699951,52.43,59.84,131.5,110.830002,362.869995,91.370003,60.830002,308.73999,66.699997,7932.240234
2018-07-26,76.190002,40.02,194.210007,261.929993,80.730003,136.509995,47.169998,1808,77.650002,223.179993,260.350006,34.75,43.529999,113.010002,141.899994,176.259995,45.09,1268.329956,52.16,60.48,130.970001,109.620003,363.089996,89.139999,60.689999,306.649994,67.540001,7852.180176
2018-07-27,74.099998,39.689999,190.979996,254.809998,79.639999,131.830002,48.299999,1817.27002,75.360001,221.050003,255.089996,35.080002,42.57,112.050003,133.809998,174.889999,44.709999,1238.5,47.68,60.259998,128.550003,107.68,355.209991,85.459999,57.93,297.179993,68.639999,7737.419922
2018-07-30,72.389999,38.970001,189.910004,242.320007,75.290001,131.509995,47.91,1779.219971,72.75,225.190002,251.399994,35.459999,42.169998,110.550003,126.209999,171.059998,44.529999,1219.73999,47.689999,60.279999,125.910004,105.370003,334.959991,82.389999,58.240002,290.170013,69.160004,7630
2018-07-31,73.449997,39.540001,190.289993,244.679993,75.260002,132.960007,48.630001,1777.439941,73.419998,221.770004,247.179993,35.779999,42.290001,109.970001,128.75,172.580002,44.419998,1217.26001,48.099998,60.25,127.839996,106.080002,337.450012,82.139999,57.990002,298.140015,67.620003,7671.790039
2018-08-01,73.18,38.139999,201.5,248.009995,71.629997,132.990005,47.970001,1797.170044,73.080002,216.800003,228.070007,35.400002,41.860001,109.970001,127.480003,171.649994,44.529999,1220.01001,48.810001,59.279999,127.870003,106.279999,338.380005,83.459999,57.650002,300.839996,66.440002,7707.290039
2018-08-02,72.089996,37.93,207.389999,252.220001,74.279999,126.010002,48.110001,1834.329956,74.059998,216.350006,230.460007,34.639999,42.529999,109.830002,128.649994,176.369995,44.66,1226.150024,49.48,59.400002,129.130005,107.57,344.5,85.529999,51.18,349.540009,66.980003,7802.689941
2018-08-03,71.580002,38.419998,207.990005,253.279999,74.610001,123.669998,48.84,1823.290039,71.32,217.809998,235.649994,35.41,42.830002,109.940002,130.869995,177.779999,44.919998,1223.709961,49.630001,64.480003,128.190002,108.040001,343.089996,85.190002,53.27,348.170013,67.220001,7812.009766
2018-08-06,70.889999,38.41,209.070007,254.110001,75.32,123.360001,49.48,1847.75,70.57,216.949997,232.960007,35.32,43.299999,111.120003,129.029999,185.690002,45.27,1224.77002,49.299999,62.299999,129.279999,108.129997,350.920013,85.769997,54.07,341.98999,67.419998,7859.680176
2018-08-07,71.5,38.259998,207.110001,253.389999,75.669998,122.400002,49.630001,1862.47998,70.230003,220.309998,226.669998,35.400002,43.580002,111.190002,128.100006,183.809998,45.060001,1242.219971,49.700001,61.32,124.43,108.879997,351.829987,86.300003,54.509998,379.570007,67.050003,7883.660156
2018-08-08,70.989998,38.380001,207.25,253.830002,76.620003,120.339996,50.18,1886.52002,70.010002,219.460007,222,35.049999,43.84,111.419998,128.410004,185.179993,44.959999,1245.609985,49.959999,60.279999,121.629997,109.489998,347.609985,86.739998,54.73,370.339996,66.489998,7888.330078
2018-08-09,70.489998,37.919998,208.880005,253.800003,76.839996,120.139999,49.16,1898.52002,70.5,216.580002,219.889999,35.490002,43.779999,111.18,127.82,183.089996,45.060001,1249.099976,50.139999,60,120.790001,109.669998,349.359985,87.169998,55.040001,352.450012,66.169998,7891.779785
2018-08-10,70.970001,37.259998,207.529999,253.699997,74.660004,118.879997,48.130001,1886.300049,70.610001,212.229996,220.100006,35.080002,43.779999,111.440002,131.320007,180.259995,44.919998,1237.609985,48.849998,59.650002,120.160004,109,345.869995,87.010002,54.349998,355.48999,66.489998,7839.109863
2018-08-13,70.199997,36.790001,208.869995,253.539993,72,118.370003,48.25,1896.199951,70.519997,211.080002,217.570007,35.040001,43.75,110.970001,131.320007,180.050003,44.709999,1235.01001,48.450001,59.279999,120.459999,108.209999,341.309998,87.010002,53.900002,356.410004,66.480003,7819.709961
2018-08-14,68.150002,37.09,209.75,256.049988,72.199997,119.68,48.380001,1919.650024,71.290001,207.300003,216.210007,35.389999,44,111.709999,131.910004,181.110001,44.970001,1242.099976,48.119999,59.52,121.610001,109.559998,337.48999,87.730003,54.25,347.640015,68.660004,7870.890137
2018-08-15,67.040001,37.439999,210.240005,250.520004,71.690002,115.32,47.509998,1882.619995,69.309998,206.580002,213.470001,34.970001,43.860001,111.400002,128.050003,179.529999,44.799999,1214.380005,47.459999,59.09,120.43,107.660004,326.399994,85.190002,53.299999,338.690002,68.730003,7774.120117
2018-08-16,68.139999,38.16,213.320007,248.889999,71.389999,117.279999,47.43,1886.52002,69.690002,208.690002,217.300003,35.66,45.16,111.32,129.710007,174.699997,45.119999,1206.48999,47.169998,60.029999,122.150002,107.639999,322.440002,85.32,53.720001,335.450012,69.620003,7806.52002
2018-08-17,68.169998,37.790001,217.580002,245.699997,71.440002,116,43.77,1882.219971,69.150002,209.270004,222.669998,35.599998,45.869999,110.860001,128.009995,173.800003,44.830002,1200.959961,47.099998,61.02,123.849998,107.580002,316.779999,85.449997,53.549999,305.5,69.989998,7816.330078
2018-08-20,69.260002,39.990002,215.460007,249.759995,72.510002,116.169998,43.529999,1876.709961,68.93,206.720001,223.710007,35.43,46.220001,111.209999,127.709999,172.5,44.790001,1207.77002,46.5,60.639999,124.400002,106.870003,327.730011,85.75,53.84,308.440002,69.989998,7821.009766
2018-08-21,70.25,40.330002,215.039993,251.5,72.779999,116.989998,43.759998,1883.420044,69.660004,210.509995,223.130005,35.740002,45.779999,111.339996,126.760002,172.619995,44.84,1201.619995,47.619999,59.84,125.160004,105.980003,338.019989,86.220001,53.84,321.899994,70.25,7859.169922
2018-08-22,70.32,39.189999,215.050003,255.539993,73.110001,117.699997,42.990002,1904.900024,71.43,207.539993,223.029999,35.48,45.990002,112.139999,127.620003,173.639999,44.75,1207.329956,47.049999,59.549999,123.709999,107.059998,344.440002,86.949997,53.549999,321.640015,69.639999,7889.100098
2018-08-23,68.220001,38.830002,215.490005,257,73.07,116.800003,42.790001,1902.900024,71.169998,205.589996,219.300003,35.310001,46.02,111.949997,126.110001,172.899994,44.66,1205.380005,46.98,58.799999,122.18,107.559998,339.170013,87.379997,53.130001,320.100006,69.279999,7878.459961
2018-08-24,68.900002,38.82,216.160004,261.51001,73.400002,117.5,42.73,1905.390015,74.089996,209,224.360001,36.5,46.32,112.970001,128.970001,174.649994,44.580002,1220.650024,47.66,59.029999,123.110001,108.400002,358.820007,90.099998,53.380001,322.820007,69.209999,7945.97998
2018-08-27,70.839996,39.52,217.940002,262.399994,74.510002,119.970001,43.75,1927.680054,74.089996,212.970001,228.610001,36.43,46.59,113.050003,128.970001,177.460007,44.610001,1241.819946,48.349998,59.57,124.290001,109.599998,364.579987,89.970001,53.360001,319.269989,69.440002,8017.899902
2018-08-28,70.300003,40.689999,219.699997,263.040009,74.449997,120.300003,43.400002,1932.819946,74,214.429993,225.720001,36.349998,46.950001,113.32,127.790001,176.259995,44.599998,1231.150024,48.57,58.790001,124.68,110.260002,368.48999,90.610001,53.150002,311.859985,69.279999,8030.040039
2018-08-29,70.43,40.5,222.979996,268.359985,75.230003,122.809998,43.099998,1998.099976,74.910004,214.990005,225.869995,36.75,47.48,114.419998,128.520004,175.899994,45.009998,1249.300049,48.75,59.299999,126.949997,112.019997,368.040009,92.620003,54.139999,305.01001,68.660004,8109.689941
2018-08-30,69.330002,40.400002,225.029999,266.429993,74.709999,122.800003,43.139999,2002.380005,74.099998,216.649994,224.25,36.68,47.150002,114.129997,115.940002,177.639999,44.73,1239.119995,48.240002,58.220001,126.209999,111.949997,370.980011,92.089996,53.82,303.149994,67.800003,8088.359863
2018-08-31,69.550003,40.48,227.630005,263.51001,75.139999,122.239998,43.02,2012.709961,72.099998,219.029999,226.479996,36.990002,47.77,114.019997,113.410004,175.729996,44.900002,1218.189941,48.43,58.27,126.470001,112.330002,367.679993,92.330002,54.310001,301.660004,68.559998,8109.540039
2018-09-04,67.959999,40.77,228.360001,266.679993,74.739998,119.199997,42.619999,2039.51001,72.980003,219.429993,222.179993,36.380001,47.73,113.419998,113.519997,171.160004,44.869999,1197,47.959999,56.66,126.550003,111.709999,363.600006,93.07,53.02,288.950012,67.620003,8091.25
2018-09-05,65.650002,39.669998,226.869995,256.140015,73.690002,120.330002,42.5,1994.819946,71.650002,221.419998,216.240005,36.279999,47.27,112.379997,111.550003,167.179993,44.720001,1186.47998,47.720001,57,125.010002,108.489998,341.179993,89.050003,51.200001,280.73999,68.239998,7995.169922
2018-09-06,64.209999,38.48,223.100006,259.75,74.279999,117.410004,40.27,1958.310059,71.959999,215.970001,215.050003,35.919998,47.279999,112.290001,113.199997,162.529999,44.880001,1171.439941,47.259998,56.799999,124.980003,108.739998,346.459991,89,50.630001,280.950012,68.029999,7922.72998
2018-09-07,64.82,38.43,221.300003,260.869995,74.510002,117.269997,39.849998,1952.069946,73.57,232.580002,216.039993,36.169998,47.049999,110.959999,114.910004,163.039993,44.740002,1164.829956,46.450001,56.59,126.610001,108.209999,348.679993,88.82,50.709999,263.23999,68.190002,7902.540039
2018-09-10,63.799999,39.43,218.330002,265.369995,76.75,117.809998,39.599998,1939.01001,74.260002,240.610001,213.589996,36.360001,47.07,110.790001,113.209999,164.179993,44.450001,1164.640015,46.299999,57.240002,127.68,109.379997,348.410004,89.800003,50.669998,285.5,68.800003,7924.160156
2018-09-11,64.290001,40.18,223.850006,267,76.900002,117.519997,39.18,1987.150024,79.5,232.550003,216.100006,36.299999,47.029999,111.25,112.290001,165.940002,44.310001,1177.359985,44.93,57.759998,127.349998,111.239998,355.929993,91.43,51,279.440002,68.739998,7972.470215
2018-09-12,66.519997,39.259998,221.070007,267.790009,76.010002,118.209999,38.389999,1990,80.519997,229.889999,218.690002,36.09,46.889999,112.129997,113,162,44.209999,1162.819946,44.93,59.119999,127.57,111.709999,369.950012,92.400002,51.150002,290.540009,70.379997,7954.22998
2018-09-13,67.980003,39.48,226.410004,268.519989,76.160004,119.050003,38.889999,1989.869995,80.43,235.419998,222.419998,37.040001,47.240002,112.089996,113.839996,161.360001,44.380001,1175.329956,45.57,59.490002,129.539993,112.910004,368.149994,92.190002,50.040001,289.459991,70.480003,8013.709961
2018-09-14,67.75,39.740002,223.839996,274.690002,75.800003,118.199997,39.099998,1970.189941,81.269997,236.339996,220.029999,36.959999,47.400002,112.32,114.269997,162.320007,44.419998,1172.530029,45.540001,58.970001,130.429993,113.370003,364.559998,90.779999,50.389999,295.200012,70.279999,8010.040039
2018-09-17,65.900002,40.32,217.880005,268.25,74.279999,117.809998,38.700001,1908.030029,78.879997,234.830002,217.660004,36.959999,47.110001,110.739998,112.690002,160.580002,44.34,1156.050049,45.419998,58.349998,129.770004,112.139999,350.350006,88.68,49.27,294.839996,70.449997,7895.790039
2018-09-18,64.980003,40.790001,218.240005,270.790009,74.330002,120.82,39.189999,1941.050049,79.629997,239.729996,216.880005,37.740002,47.459999,110.849998,112.650002,160.300003,44.16,1161.219971,46.099998,57.099998,129.809998,113.209999,367.649994,89.720001,50.650002,284.959991,70.879997,7956.109863
2018-09-19,67.089996,41.599998,218.369995,264.880005,73.739998,121.970001,39.040001,1926.420044,79.580002,241.789993,226.410004,37.32,47.279999,110.910004,112.919998,163.059998,44.259998,1171.089966,46.150002,56.889999,131.229996,111.699997,366.959991,89.309998,50.52,299.019989,71.279999,7950.040039
2018-09-20,68.349998,41.889999,220.029999,266.339996,74.169998,124.610001,39.389999,1944.300049,80.650002,244.929993,230.619995,37.810001,47.73,110.440002,113.470001,166.020004,44.200001,1186.869995,47.200001,57.57,132.179993,113.57,365.359985,90.599998,49.599998,298.329987,72.889999,8028.22998
2018-09-21,67.93,43.599998,217.660004,260.880005,73.5,121.989998,39.630001,1915.01001,80.290001,248.100006,228.850006,37.900002,48.560001,110.360001,115.019997,162.929993,43.889999,1166.089966,46.66,57.119999,130.899994,114.260002,361.190002,90.620003,50,299.100006,73,7986.959961
2018-09-24,67.589996,41.98,220.789993,264.089996,72.870003,128.509995,39.099998,1934.359985,80.599998,249.449997,226.630005,35.630001,48.439999,109.690002,115.239998,165.410004,44.650002,1173.369995,46.91,56.52,130.240005,114.669998,369.609985,89.620003,51.130001,299.679993,72.199997,7993.25
2018-09-25,67.860001,40.810001,222.190002,267.839996,72.830002,128.990005,38.580002,1974.550049,80.529999,247.649994,226.600006,35.400002,48.470001,111.279999,116.25,164.910004,44.810001,1184.650024,45.91,55.66,129.270004,114.449997,369.429993,90.040001,52,300.98999,72.209999,8007.470215
2018-09-26,68.129997,41.040001,220.419998,268.470001,72.510002,135.610001,38.259998,1974.849976,81.57,245.429993,228.419998,35.369999,48.41,111,118.089996,166.949997,45.259998,1180.48999,45.700001,55.169998,130.979996,113.980003,377.880005,89.849998,52.279999,309.579987,72.959999,7990.370117
2018-09-27,68.480003,41.5,224.949997,269.910004,72.410004,138.270004,38.349998,2012.97998,82.870003,246.449997,230.470001,35.220001,48.330002,110.889999,119.379997,168.839996,45.490002,1194.640015,45.880001,55.040001,133.419998,114.410004,380.709991,88.989998,51.919998,307.519989,73.809998,8041.970215
2018-09-28,68.120003,41.330002,225.740005,269.950012,73.150002,139.009995,38.650002,2003,83.190002,246.729996,228.679993,35.41,48.650002,111.160004,120.489998,164.460007,45.82,1193.469971,47.290001,55.110001,132.029999,114.370003,374.130005,87.839996,51.07,264.769989,72.900002,8046.350098
2018-10-01,67.239998,39.610001,227.259995,275.48999,71.529999,137.119995,38.34,2004.359985,83.279999,249.509995,227.399994,35.52,48.869999,111.120003,117.550003,162.440002,45.84,1195.310059,46.450001,55.540001,128.350006,115.610001,381.429993,87.550003,51.07,310.700012,72.459999,8037.299805
2018-10-02,66.629997,38.5,229.279999,272,69.410004,135.880005,38.900002,1971.310059,83.389999,248.100006,218.899994,35.700001,49.009998,110.580002,117.050003,159.330002,46.18,1200.109985,48.099998,55.93,125.970001,115.150002,377.140015,86.68,50.450001,301.019989,73.489998,7999.549805
2018-10-03,67.25,38.799999,232.070007,270.51001,69.790001,136.710007,38.919998,1952.76001,83.019997,249.419998,216.350006,35.189999,49.139999,110.43,116.389999,162.429993,46.509998,1202.949951,48.759998,55.599998,124.589996,115.169998,377.049988,87.150002,51.66,294.799988,73.800003,8025.089844
2018-10-04,65.260002,37.919998,227.990005,263.709991,66.32,133.610001,37.889999,1909.420044,80.360001,248.169998,210.070007,35.209999,48.380001,108.480003,114.010002,158.850006,46.27,1168.189941,48.130001,55.52,122.199997,112.790001,363.649994,84.339996,51.540001,281.829987,73.339996,7879.509766
2018-10-05,64.580002,36.439999,224.289993,263.220001,66.239998,130.820007,37.240002,1889.650024,79.589996,244.229996,205.619995,34.560001,48.130001,107.889999,113.730003,157.330002,45.830002,1157.349976,47.029999,55.889999,121.449997,112.129997,351.350006,83.18,50.720001,261.950012,72.510002,7788.450195
2018-10-08,63.09,35.900002,223.770004,254.690002,65.379997,129.460007,36.59,1864.420044,77.629997,241.369995,203.979996,35.18,47.52,106.82,110.620003,157.25,45.470001,1148.969971,47.029999,57.060001,120.57,110.849998,349.100006,80.550003,49.98,250.559998,74.150002,7735.950195
2018-10-09,61.52,33.549999,226.869995,254.160004,64.93,130.580002,35.720001,1870.319946,77.639999,244.699997,200.850006,35.439999,47.490002,106.459999,109.489998,157.899994,45.259998,1138.819946,46.549999,56.07,119.769997,112.260002,355.709991,80.029999,47.799999,262.799988,73.559998,7738.02002
2018-10-10,58.41,31.610001,216.360001,237.910004,62.5,123.989998,34.43,1755.25,73.580002,231.830002,194.259995,34.279999,45.630001,104.300003,105.150002,151.380005,44.400002,1081.219971,44.799999,55.740002,116.480003,106.160004,325.890015,75.449997,44.200001,256.880005,72.309998,7422.049805
2018-10-11,59.93,31.27,214.449997,238.589996,61.34,119.309998,32.790001,1719.359985,73.849998,228.899994,198,33.669998,44.119999,102.110001,103.599998,153.350006,44.790001,1079.319946,44.23,53.82,114.629997,105.910004,321.100006,75.900002,44.650002,252.229996,70.900002,7329.060059
2018-10-12,61.98,30.91,222.110001,248.869995,63,121.940002,33.689999,1788.609985,77.919998,232.949997,204.360001,34.619999,45.709999,102.529999,106.099998,153.740005,44.939999,1110.079956,44.880001,54.240002,117.489998,109.57,339.559998,79.029999,45.349998,258.779999,73.5,7496.890137
2018-10-15,60.93,31.780001,217.360001,238.009995,63.299999,121.489998,33.43,1760.949951,75.669998,232.470001,200.119995,35.09,44.669998,101.910004,105.879997,153.520004,45.130001,1092.25,44.529999,54.470001,115.510002,107.599998,333.130005,77.230003,45,259.589996,74.720001,7430.740234
2018-10-16,62.830002,33.279999,222.149994,260.670013,65.199997,127.699997,34.759998,1819.959961,78.730003,238.320007,203.210007,36,45.82,104.139999,107.419998,158.779999,45.560001,1121.280029,45.939999,55.439999,117.949997,111,346.399994,80.610001,47.66,276.589996,76.279999,7645.490234
2018-10-17,62.189999,33.57,221.190002,258.910004,65.690002,128.940002,34.959999,1831.72998,78.300003,237.169998,200.720001,36.400002,45.939999,105.120003,108.790001,159.419998,45.459999,1115.689941,45.889999,56.400002,117.959999,110.709999,364.700012,80.089996,47.16,271.779999,76.980003,7642.700195
2018-10-18,60.060001,32.060001,216.020004,250.350006,64.5,126.559998,33.919998,1770.719971,71.809998,228.020004,191.880005,35.939999,45.459999,103.419998,105.800003,154.919998,45.43,1087.969971,44.970001,55.540001,115.290001,108.5,346.709991,77.480003,46.380001,263.910004,76.580002,7485.140137
2018-10-19,60.389999,32.040001,219.309998,245.029999,64.239998,125.889999,34.290001,1764.030029,69.75,228.279999,191.919998,35.98,45.34,100.699997,102.110001,154.050003,45.529999,1096.459961,44,57.560001,112.040001,108.660004,332.670013,84.779999,46.599998,260,77.349998,7449.029785
2018-10-22,62.200001,32.16,220.649994,251.059998,65.18,123.919998,33.529999,1789.300049,69.779999,228.619995,196.190002,35.75,45.759998,102.410004,101.360001,154.779999,45.439999,1101.160034,45.009998,56.209999,111.489998,109.629997,329.540009,85.43,47.27,260.950012,77.650002,7468.629883
2018-10-23,61.349998,32.380001,222.729996,251.759995,64.220001,123,33.52,1768.699951,68.980003,229.050003,193.419998,35.650002,45.419998,102.199997,99.089996,154.389999,45.369999,1103.689941,44.5,56.599998,112.349998,108.099998,333.160004,87.57,47.669998,294.140015,77.260002,7437.540039
2018-10-24,59.07,30.34,215.089996,238.440002,62.279999,110.989998,31.809999,1664.199951,67.25,218.710007,184.470001,34.119999,44.07,99.93,96.25,146.039993,44.290001,1050.709961,42.419998,55.779999,107.129997,102.32,301.829987,83.089996,46.720001,288.5,74.199997,7108.399902
2018-10-25,60.740002,32.369999,219.800003,252.919998,63.290001,117.160004,32.639999,1782.170044,70.32,222.240005,190.429993,35.84,45.470001,102.050003,98.639999,150.949997,44.790001,1095.569946,44.310001,55.98,111.540001,108.300003,312.869995,85.959999,48.75,314.859985,75.739998,7318.339844
2018-10-26,60.169998,32.459999,216.300003,245.800003,61.970001,116.269997,32.360001,1642.810059,68.839996,213.149994,188.509995,35.240002,44.25,100.610001,96.220001,145.369995,44.799999,1071.469971,45.689999,54.650002,112.730003,106.959999,299.829987,83.370003,47.439999,330.899994,76.230003,7167.209961
2018-10-29,56.830002,32.599998,212.240005,239.75,62.049999,112.260002,31.120001,1538.880005,65.220001,211.5,181.75,35.990002,43.84,101.309998,91.190002,142.089996,45.209999,1020.080017,45.400002,55.52,112.779999,103.849998,284.839996,81.150002,48.939999,334.850006,76.82,7050.290039
2018-10-30,57.919998,34.66,213.300003,238.410004,72.550003,114.190002,32.419998,1530.420044,67.480003,221.009995,183.369995,37.709999,44.580002,101.550003,94.830002,146.220001,45.290001,1036.209961,47.759998,55.849998,115.269997,103.730003,285.809998,80.900002,50.669998,329.899994,78.800003,7161.649902
2018-10-31,60.099998,35.080002,218.860001,245.759995,72.25,112.07,32.880001,1598.01001,69.050003,223.490005,190.059998,38.139999,45.75,102.470001,90.980003,151.789993,45.18,1076.77002,46.880001,54.970001,116.889999,106.809998,301.779999,84.190002,52.139999,337.320007,79.769997,7305.899902
2018-11-01,62.860001,36.369999,222.220001,245.279999,72.290001,119.699997,35.349998,1665.530029,69.32,229.880005,201.470001,37.950001,45.650002,103.160004,94.199997,151.75,46.200001,1070,48.220001,56.200001,121.089996,105.919998,317.380005,85.040001,53.290001,344.279999,79.900002,7434.060059
2018-11-02,61.73,36.330002,207.479996,239.639999,71.760002,122.82,35.27,1665.530029,68.989998,220.770004,194.690002,37.66,45.48,102.760002,92.459999,150.350006,46.080002,1057.790039,47.110001,50.73,120.93,106.160004,309.100006,83.510002,53.630001,346.410004,79.300003,7356.990234
2018-11-05,60.869999,35.720001,201.589996,239.889999,68.949997,123.209999,34.32,1627.800049,64.339996,220.089996,190.589996,38.02,46.139999,103.419998,92.690002,148.679993,46.41,1040.089966,47.970001,52.389999,120.68,107.510002,315.440002,84.050003,53.240002,341.399994,79.970001,7328.850098
2018-11-06,61.93,35.169998,203.770004,240.559998,69.830002,123.220001,34.869999,1642.810059,64.25,228.25,192.440002,37.73,46.5,104.379997,92.230003,149.940002,46.779999,1055.810059,47.25,53.459999,114.550003,107.720001,310.839996,84.690002,57,341.059998,80.599998,7375.959961
2018-11-07,63.599998,36.970001,209.949997,253.429993,71.550003,127.18,35.25,1755.48999,65.089996,234.399994,195.410004,38.299999,47.900002,106.029999,93.800003,151.529999,47.16,1093.390015,48.720001,53.549999,116.139999,111.959999,327.5,88.230003,58.07,348.160004,81.910004,7570.75
2018-11-08,62.48,36.860001,208.490005,249.960007,72.18,127.18,34.939999,1754.910034,62.790001,240.25,188.550003,38.299999,48.439999,107.059998,93.870003,147.869995,47.470001,1082.400024,48.990002,53.310001,116.910004,111.75,317.920013,89.040001,66.93,351.399994,82.440002,7530.879883
2018-11-09,60.98,36.220001,204.470001,244.839996,70.940002,123.440002,34.279999,1712.430054,55.009998,238.990005,183.75,38.34,47.110001,107.010002,88.889999,144.960007,47.709999,1066.150024,48.110001,53.990002,117.040001,109.57,303.470001,86.760002,63.299999,350.51001,82.389999,7406.899902
2018-11-12,59.950001,36.860001,194.169998,236.669998,69.080002,118.599998,32.619999,1636.849976,53.889999,223.630005,180.429993,38,45.619999,105.550003,87.660004,141.550003,47.59,1038.630005,46.650002,53.669998,115.07,106.870003,294.070007,83.779999,62.669998,331.279999,81.809998,7200.870117
2018-11-13,61.209999,37.779999,192.229996,238.740005,69.190002,118.519997,33.490002,1631.170044,52.549999,224.830002,183.339996,37.720001,45.119999,106.019997,87.389999,142.160004,47.279999,1036.050049,47.389999,53.380001,116.550003,106.940002,294.399994,83.779999,63.099998,338.730011,81.919998,7200.870117
2018-11-14,62.279999,38.110001,186.800003,235.220001,68.410004,116.110001,33.580002,1599.01001,51.599998,226.199997,185.059998,38.290001,44.330002,105.769997,85.760002,144.220001,47.43,1043.660034,47.09,52.639999,116.300003,104.970001,286.730011,84.050003,61.349998,344,81.519997,7136.390137
2018-11-15,64.389999,37.82,191.410004,239.949997,69.459999,119.68,35.02,1619.439941,53.560001,236.339996,188.410004,38.490002,46.77,107.650002,88.25,143.850006,47.790001,1064.709961,48.110001,51.990002,118.309998,107.279999,290.059998,86.739998,63.200001,348.440002,82.290001,7259.029785
2018-11-16,63.59,36.75,193.529999,238.889999,69.870003,118.620003,35.400002,1593.410034,50.939999,237.610001,186.949997,38.59,46.349998,108.75,85.970001,139.529999,47.73,1061.48999,48.830002,52.080002,118.650002,108.290001,286.209991,85.059998,63.669998,354.309998,82.519997,7247.870117
2018-11-19,62.220001,35.82,185.860001,219.690002,68.269997,115.059998,34.419998,1512.290039,49.139999,229.130005,183.089996,38.18,45.75,107.089996,83.040001,131.550003,48.540001,1020,48,51.889999,116.5,104.620003,270.600006,80.129997,60.869999,353.470001,81.919998,7028.47998
2018-11-20,60.889999,35.59,176.979996,219.729996,66.669998,116.82,35.77,1495.459961,49.259998,227.710007,177.479996,36.759998,44.490002,106.120003,83.019997,132.429993,48.310001,1025.76001,47.389999,50.939999,115.559998,101.709999,266.980011,77.760002,58.759998,347.48999,79.790001,6908.819824
2018-11-21,62.150002,36.310001,176.779999,225.979996,67.879997,118.110001,35.189999,1516.72998,50.849998,230,183.949997,37.509998,44.889999,106.889999,84.019997,134.820007,48.540001,1037.609985,47.029999,51.16,117.169998,103.110001,262.130005,79.120003,59.389999,338.190002,79.760002,6972.25
2018-11-23,62.400002,37.950001,172.289993,225.559998,67.790001,118.099998,35.049999,1502.060059,50.049999,229.899994,182.610001,37.389999,44.540001,106.68,82.669998,131.729996,48.66,1023.880005,46.540001,51.040001,117.260002,103.07,258.820007,77.949997,58.650002,325.829987,80.809998,6938.97998
2018-11-26,64.370003,38.099998,174.619995,231.960007,68.400002,119,36.009998,1581.329956,50.91,235.309998,185.190002,37.77,45.57,107.800003,84.93,136.380005,48.549999,1048.619995,47.450001,51.07,119.900002,106.470001,261.429993,80.860001,61.209999,346,81.699997,7081.850098
2018-11-27,64.160004,38.290001,174.240005,232.25,67.57,120.93,36,1581.420044,50.75,235.830002,182.789993,38.360001,46.119999,108.519997,85.040001,135,48.889999,1044.410034,48.07,51.799999,119.970001,107.139999,266.630005,81.970001,61.889999,343.920013,83.519997,7082.700195
2018-11-28,65.43,38.939999,180.940002,249.210007,69.599998,122.839996,37.110001,1677.75,51.02,235.220001,188.440002,39.060001,47.290001,111.419998,85.900002,136.759995,49.25,1086.22998,48.860001,51.18,122.190002,111.120003,282.649994,85.980003,63.32,347.869995,84.639999,7291.589844
2018-11-29,64.419998,38.419998,179.550003,249.089996,68.110001,123.339996,36.540001,1673.569946,52.560001,235.779999,183.220001,39.419998,47.34,110.459999,86.389999,138.679993,49.299999,1088.300049,47.700001,51.189999,121.839996,110.190002,288.75,84.260002,63.540001,341.170013,84.849998,7273.080078
2018-11-30,65.589996,40.16,178.580002,250.889999,68.75,123.150002,37.279999,1690.170044,49.880001,237.410004,188.279999,39.009998,47.869999,108.970001,84.07,140.610001,49.029999,1094.430054,49.310001,51.119999,115.029999,110.889999,286.130005,85.809998,64.059998,350.480011,84.669998,7330.540039
2018-12-03,66.82,39.650002,184.820007,255.259995,70.239998,125.470001,38.34,1772.359985,46.599998,242.070007,191.330002,39.150002,48.740002,110.290001,84,141.089996,49.389999,1106.430054,50.130001,51.419998,119.529999,112.089996,290.299988,87.980003,64.589996,358.48999,85.690002,7441.509766
2018-12-04,64.800003,36.689999,176.690002,245.820007,68.709999,122.300003,35.43,1668.400024,46.52,232.039993,182.660004,37.689999,47.349998,108.870003,81.18,137.929993,48.919998,1050.819946,47.75,49.98,113.5,108.519997,275.329987,84.190002,63.220001,359.700012,82.82,7158.430176
2018-12-06,63.860001,36.939999,174.720001,250.630005,69.019997,121.040001,34.689999,1699.189941,48.150002,227.240005,180.699997,37.880001,48.389999,109.32,83.879997,139.630005,49.23,1068.72998,48.369999,49.52,115.32,109.190002,282.880005,85.82,63.880001,363.059998,82.940002,7188.259766
2018-12-07,63.009998,33.57,168.490005,238,66.650002,115.599998,33.639999,1629.130005,47.23,228.559998,179.559998,37.41,46.439999,107.370003,82.519997,137.419998,48.990002,1036.579956,46.240002,48.709999,111.25,104.82,265.140015,82.769997,61.610001,357.970001,81.190002,6969.25
2018-12-10,62.23,33.84,169.600006,244.089996,67.279999,114.650002,34.169998,1641.030029,47.880001,239.25,179.199997,37.349998,46.860001,108.550003,83.730003,141.850006,49.02,1039.550049,47.209999,48.27,110.809998,107.589996,269.700012,84.93,61.09,365.149994,81.160004,7020.52002
2018-12-11,62.57,34.099998,168.630005,245.339996,67.419998,114.830002,34.02,1643.23999,48.200001,246.839996,176.850006,36.84,47.09,109.260002,83.440002,142.080002,49.009998,1051.75,47.380001,48.380001,110.029999,108.589996,265.320007,85.510002,61.790001,366.76001,81.809998,7031.830078
2018-12-12,62.82,34.349998,169.100006,245.550003,68.029999,117.010002,34.200001,1663.540039,48.450001,254.979996,179.75,36.98,47.419998,110.32,82.989998,144.5,48.919998,1063.680054,47.830002,48.259998,110.07,109.080002,274.880005,86.5,62.560001,366.600006,82.440002,7098.310059
2018-12-13,62.759998,32.459999,170.949997,248.080002,67.25,112.43,33.709999,1658.380005,48.509998,258.299988,179.899994,36.759998,47.470001,110.260002,80.860001,145.009995,48.919998,1061.900024,48.290001,48.470001,108.849998,109.449997,276.019989,87.559998,61.389999,376.790009,82.32,7070.330078
2018-12-14,62.009998,32.41,165.479996,230,65.099998,109.43,32.650002,1591.910034,47.75,254.830002,177.539993,36.34,45.82,109.139999,80.160004,144.059998,48.799999,1042.099976,47.860001,47.459999,107.660004,106.029999,266.839996,85.919998,60.700001,365.709991,78.739998,6910.660156
2018-12-17,60.080002,32.040001,163.940002,221.380005,64.209999,109.529999,32.669998,1520.910034,47.080002,254.130005,169.860001,36.209999,44.200001,106.629997,79.230003,140.190002,48.77,1016.530029,47.080002,46.82,107.660004,102.889999,262.799988,84.099998,57.709999,348.420013,76.220001,6753.72998
2018-12-18,59.119999,33.540001,166.070007,226.179993,64.349998,105.989998,33.279999,1551.47998,47.32,249.669998,167.610001,35.650002,44.060001,106.529999,80,143.660004,48.5,1028.709961,47.740002,46.150002,108.239998,103.970001,270.940002,85.510002,57.98,337.029999,75.480003,6783.910156
2018-12-19,57.700001,32.419998,160.889999,224.649994,63.02,102.779999,31.530001,1495.079956,46.330002,243.889999,162.479996,35.189999,43.139999,105.959999,78.360001,133.240005,48.189999,1023.01001,45.57,45.09,106.389999,103.690002,266.769989,84.029999,56.669998,332.970001,73.290001,6636.830078
2018-12-20,56.709999,31.889999,156.830002,218.649994,62.299999,101.220001,30.9,1460.829956,47.049999,241.889999,160.360001,34.619999,42.490002,103.199997,77.440002,133.399994,47.73,1009.409973,45.540001,44.849998,104.190002,101.510002,260.579987,82.440002,55.009998,315.380005,69.610001,6528.410156
2018-12-21,55.650002,30.780001,150.729996,208.800003,59.799999,94.629997,30.309999,1377.449951,45.849998,244.910004,157.419998,33.75,41.849998,100.760002,76.57,124.949997,46.599998,979.539978,44.84,44.049999,102.879997,98.230003,246.389999,78.139999,52.48,319.769989,67.260002,6332.990234
2018-12-24,55.709999,29.719999,146.830002,205.160004,58.330002,93.940002,28.99,1343.959961,43.990002,233.800003,157.119995,33.07,40.279999,99.470001,74.720001,124.059998,46,976.219971,43.59,42.540001,100.989998,94.129997,233.880005,77.059998,51.610001,295.390015,65.260002,6192.919922
2018-12-26,57.900002,32.290001,157.169998,222.949997,60.98,97.870003,30.639999,1470.900024,46.419998,248.139999,163.039993,34.139999,42.470001,101.400002,77.889999,134.179993,47.529999,1039.459961,46.189999,43.290001,105.580002,100.559998,253.669998,82.800003,53.68,326.089996,67.720001,6554.359863
2018-12-27,57.970001,32.040001,156.149994,225.139999,61.650002,98.099998,31.549999,1461.640015,47.040001,250.850006,161.580002,34.470001,42.91,102.150002,79.43,134.520004,47.75,1043.880005,46.360001,43.759998,106.629997,101.18,255.570007,84.309998,54.119999,316.130005,68.360001,6579.490234
2018-12-28,58.349998,31.83,156.229996,223.130005,61.049999,97.209999,32.380001,1478.02002,46.799999,253.589996,162.169998,34.349998,42.77,101.800003,79.300003,133.199997,47.619999,1037.079956,46.75,43.57,107.239998,100.389999,256.079987,83.260002,53.549999,333.869995,68.050003,6584.52002
